{
    "name": "杰尼龟",
    "attribute": "Water",
    "attributes": [
        "Fire",
        "Earth"
    ],
    "level": 2,
    "ATK": 56,
    "DEF": 69,
    "SPD": 47,
    "ACC": 0,
    "HP": 50,
    "Hp": 2,
    "EXP": 0,
    "NeedEXP": 40,
    "skills": [
        {
            "name": "撞击",
            "PP": 20,
            "Pp": 8
        }
    ],
    "learn_skills": [
        {
            "name": "撞击",
            "level": 1
        },
        {
            "name": "水枪",
            "level": 5
        },
        {
            "name": "水流尾",
            "level": 10
        }
    ],
    "Wild": {
        "name": "榛果球",
        "attribute": "Insect",
        "attributes": [
            "Grass"
        ],
        "level": 2,
        "ATK": 69,
        "DEF": 94,
        "SPD": 21,
        "ACC": 0,
        "HP": 58,
        "Hp": 58,
        "EXP": 0,
        "NeedEXP": 40,
        "skills": [
            {
                "name": "撞击",
                "PP": 20,
                "Pp": 20
            }
        ],
        "learn_skills": [
            {
                "name": "撞击",
                "level": 1
            },
            {
                "name": "虫咬",
                "level": 5
            },
            {
                "name": "猛撞",
                "level": 10
            }
        ]
    }
}