[
  {
   "NO.1": {
     "ID1": {
      "name": "妙蛙种子",
      "attribute": "Grass",
      "attributes": [
        "Water",
        "Soil"
      ],
      "ATK": 49,
      "DEF": 49,
      "SPD": 45,
      "ACC": 0,
      "HP": 45,
      "EXP": 0,
      "NeedEXP": 20,
      "exp": 5,
      "atk": 3,
      "Def": 3,
      "spd": 2,
      "hp": 3,
      "skill1": "",
      "skill2": "",
      "skill3": "",
      "skill4": ""
     }
    },
    "NO2":{},
    "NO3":{},
    "NO4":{},
    "NO5":{},
    "NO6":{}
   }
]