{
    "abb": {
        "slot1": {},
        "slot2": {},
        "slot3": {},
        "slot4": {},
        "slot5": {},
        "slot6": {}
    },
    "acc": {
        "slot1": {},
        "slot2": {},
        "slot3": {},
        "slot4": {},
        "slot5": {},
        "slot6": {}
    },
    "111": {
        "slot1": {
            "name": "杰尼龟",
            "attribute": "Water",
            "attributes": [
                "Fire",
                "Earth"
            ],
            "level": 5,
            "ATK": 68,
            "DEF": 75,
            "SPD": 53,
            "ACC": 0,
            "HP": 59,
            "Hp": 59,
            "EXP": 0,
            "NeedEXP": 145,
            "skills": [
                {
                    "name": "撞击",
                    "PP": 20,
                    "Pp": 17
                },
                {
                    "name": "水枪",
                    "PP": 20,
                    "Pp": 9
                }
            ],
            "learn_skills": [
                {
                    "name": "撞击",
                    "level": 1
                },
                {
                    "name": "水枪",
                    "level": 5
                },
                {
                    "name": "水流尾",
                    "level": 10
                }
            ]
        },
        "slot2": {
            "name": "卡蒂狗",
            "attribute": "Fire",
            "attributes": [
                "Grass",
                "Insects"
            ],
            "level": 5,
            "ATK": 75,
            "DEF": 65,
            "SPD": 65,
            "ACC": 0,
            "HP": 70,
            "Hp": 70,
            "EXP": 0,
            "NeedEXP": 145,
            "skills": [
                {
                    "name": "火花",
                    "PP": 20,
                    "Pp": 18
                },
                {
                    "name": "火焰轮",
                    "PP": 20,
                    "Pp": 20
                }
            ],
            "learn_skills": [
                {
                    "name": "火花",
                    "level": 1
                },
                {
                    "name": "火焰轮",
                    "level": 5
                },
                {
                    "name": "火焰牙",
                    "level": 10
                }
            ]
        },
        "slot3": {},
        "slot4": {},
        "slot5": {},
        "slot6": {}
    },
    "acccc": {
        "slot1": {
            "name": "卡蒂狗",
            "attribute": "Fire",
            "attributes": [
                "Grass",
                "Insects"
            ],
            "level": 5,
            "ATK": 75,
            "DEF": 65,
            "SPD": 65,
            "ACC": 0,
            "HP": 70,
            "Hp": 70,
            "EXP": 0,
            "NeedEXP": 145,
            "skills": [
                {
                    "name": "火花",
                    "PP": 20,
                    "Pp": 20
                },
                {
                    "name": "火焰轮",
                    "PP": 20,
                    "Pp": 20
                }
            ],
            "learn_skills": [
                {
                    "name": "火花",
                    "level": 1
                },
                {
                    "name": "火焰轮",
                    "level": 5
                },
                {
                    "name": "火焰牙",
                    "level": 10
                }
            ]
        },
        "slot2": {},
        "slot3": {},
        "slot4": {},
        "slot5": {},
        "slot6": {}
    },
    "1111": {
        "slot1": {
            "name": "杰尼龟",
            "attribute": "Water",
            "attributes": [
                "Fire",
                "Earth"
            ],
            "level": 5,
            "ATK": 68,
            "DEF": 75,
            "SPD": 53,
            "ACC": 0,
            "HP": 59,
            "Hp": 59,
            "EXP": 0,
            "NeedEXP": 145,
            "skills": [
                {
                    "name": "撞击",
                    "PP": 20,
                    "Pp": 20
                },
                {
                    "name": "水枪",
                    "PP": 20,
                    "Pp": 20
                }
            ],
            "learn_skills": [
                {
                    "name": "撞击",
                    "level": 1
                },
                {
                    "name": "水枪",
                    "level": 5
                },
                {
                    "name": "水流尾",
                    "level": 10
                }
            ]
        },
        "slot2": {},
        "slot3": {},
        "slot4": {},
        "slot5": {},
        "slot6": {}
    },
    "1": {
        "slot1": {
            "name": "杰尼龟",
            "attribute": "Water",
            "attributes": [
                "Fire",
                "Earth"
            ],
            "level": 5,
            "ATK": 68,
            "DEF": 75,
            "SPD": 53,
            "ACC": 0,
            "HP": 59,
            "Hp": 59,
            "EXP": 0,
            "NeedEXP": 145,
            "skills": [
                {
                    "name": "撞击",
                    "PP": 20,
                    "Pp": 20
                },
                {
                    "name": "水枪",
                    "PP": 20,
                    "Pp": 20
                }
            ],
            "learn_skills": [
                {
                    "name": "撞击",
                    "level": 1
                },
                {
                    "name": "水枪",
                    "level": 5
                },
                {
                    "name": "水流尾",
                    "level": 10
                }
            ]
        },
        "slot2": {},
        "slot3": {},
        "slot4": {},
        "slot5": {},
        "slot6": {}
    },
    "11": {
        "slot1": {
            "name": "藤藤蛇",
            "attribute": "Grass",
            "attributes": [
                "Water",
                "Soil"
            ],
            "level": 5,
            "ATK": 65,
            "DEF": 65,
            "SPD": 68,
            "ACC": 0,
            "HP": 60,
            "Hp": 60,
            "EXP": 0,
            "NeedEXP": 145,
            "skills": [
                {
                    "name": "撞击",
                    "PP": 20,
                    "Pp": 20
                },
                {
                    "name": "藤鞭",
                    "PP": 20,
                    "Pp": 20
                }
            ],
            "learn_skills": [
                {
                    "name": "撞击",
                    "level": 1
                },
                {
                    "name": "藤鞭",
                    "level": 5
                },
                {
                    "name": "种子炸弹",
                    "level": 10
                }
            ]
        },
        "slot2": {},
        "slot3": {},
        "slot4": {},
        "slot5": {},
        "slot6": {}
    },
    "cark": {
        "slot1": {
            "name": "小海狮",
            "attribute": "Water",
            "attributes": [
                "Fire",
                "Earth"
            ],
            "level": 5,
            "ATK": 65,
            "DEF": 70,
            "SPD": 65,
            "ACC": 0,
            "HP": 75,
            "Hp": 75,
            "EXP": 0,
            "NeedEXP": 145,
            "skills": [
                {
                    "name": "头锤",
                    "PP": 20,
                    "Pp": 18
                },
                {
                    "name": "水枪",
                    "PP": 20,
                    "Pp": 20
                }
            ],
            "learn_skills": [
                {
                    "name": "头锤",
                    "level": 1
                },
                {
                    "name": "水枪",
                    "level": 5
                },
                {
                    "name": "盐水",
                    "level": 10
                }
            ]
        },
        "slot2": {},
        "slot3": {},
        "slot4": {},
        "slot5": {},
        "slot6": {}
    }
}