{
    "abb": {
        "小型回复药": {
            "name": "小型回复药",
            "num": 3,
            "ToolsType": 2,
            "GetType": 1,
            "BloodType": 1,
            "LifeType": null
        },
        "中型回复药": {
            "name": "中型回复药",
            "num": 2,
            "ToolsType": 2,
            "GetType": 2,
            "BloodType": 2,
            "LifeType": null
        },
        "复活药": {
            "name": "复活药",
            "num": 1,
            "ToolsType": 16,
            "GetType": null,
            "BloodType": null,
            "LifeType": 1
        }
    },
    "acc": {
        "小型回复药": {
            "name": "小型回复药",
            "num": 3,
            "ToolsType": 2,
            "GetType": 1,
            "BloodType": 1,
            "LifeType": null
        },
        "中型回复药": {
            "name": "中型回复药",
            "num": 2,
            "ToolsType": 2,
            "GetType": 2,
            "BloodType": 2,
            "LifeType": null
        },
        "复活药": {
            "name": "复活药",
            "num": 1,
            "ToolsType": 16,
            "GetType": null,
            "BloodType": null,
            "LifeType": 1
        }
    },
    "111": {
        "小型回复药": {
            "name": "小型回复药",
            "num": 3,
            "ToolsType": 2,
            "GetType": 1,
            "BloodType": 1,
            "LifeType": null
        },
        "中型回复药": {
            "name": "中型回复药",
            "num": 2,
            "ToolsType": 2,
            "GetType": 2,
            "BloodType": 2,
            "LifeType": null
        },
        "复活药": {
            "name": "复活药",
            "num": 1,
            "ToolsType": 16,
            "GetType": null,
            "BloodType": null,
            "LifeType": 1
        }
    },
    "11": {
        "小型回复药": {
            "name": "小型回复药",
            "num": 3,
            "ToolsType": 2,
            "GetType": 1,
            "BloodType": 1,
            "LifeType": null
        },
        "中型回复药": {
            "name": "中型回复药",
            "num": 2,
            "ToolsType": 2,
            "GetType": 2,
            "BloodType": 2,
            "LifeType": null
        },
        "复活药": {
            "name": "复活药",
            "num": 1,
            "ToolsType": 16,
            "GetType": null,
            "BloodType": null,
            "LifeType": 1
        }
    },
    "cark": {
        "小型回复药": {
            "name": "小型回复药",
            "num": 3,
            "ToolsType": 2,
            "GetType": 1,
            "BloodType": 1,
            "LifeType": null
        },
        "复活药": {
            "name": "复活药",
            "num": 1,
            "ToolsType": 16,
            "GetType": null,
            "BloodType": null,
            "LifeType": 1
        }
    }
}