[
    {
      "伤药": {
        "name": "伤药",
        "num": 0,
        "ToolsType": 2,  
        "GetType": 1,    
        "BloodType": 1,  
        "LifeType": 0
      },
      "大伤药": {
        "name": "大伤药",
        "num": 0,
        "ToolsType": 2,  
        "GetType": 2,  
        "BloodType": 4, 
        "LifeType": null
      },
      "全满药": {
        "name": "全满药",
        "num": 0,
        "ToolsType": 16,  
        "GetType": null,
        "BloodType": null,
        "LifeType": 2
      },
      "精灵球": {
        "name": "精灵球",
        "num": 0,
        "ToolsType": 1,  
        "GetType": 1,
        "BloodType": null,
        "LifeType": null
      },
      "超级球": {
        "name": "超级球",
        "num": 0,
        "ToolsType": 1,  
        "GetType": 2,
        "BloodType": null,
        "LifeType": null
      },
      "高级球": {
        "name": "高级球",
        "num": 0,
        "ToolsType": 1,  
        "GetType": 3,
        "BloodType": null,
        "LifeType": null
      },
      "大师球": {
        "name": "大师球",
        "num": 0,
        "ToolsType": 1,  
        "GetType": 4,
        "BloodType": null,
        "LifeType": null
      },
      "活力碎片": {
        "name": "活力碎片",
        "num": 1,
        "ToolsType": 16,  
        "GetType": null,
        "BloodType": null,
        "LifeType": 0
      },
      "活力块": {
        "name": "活力块",
        "num": 0,
        "ToolsType": 16,  
        "GetType": null,
        "BloodType": null,
        "LifeType": 2
      },
      "神奇糖果": {
        "name": "神奇糖果",
        "num": 0,
        "ToolsType": 8,  
        "GetType": null,
        "BloodType": null,
        "LifeType": null
      }
    }
  ]