{
    "name": "墨海马",
    "attribute": "Water",
    "attributes": [
        "Fire",
        "Earth"
    ],
    "level": 2,
    "ATK": 48,
    "DEF": 76,
    "SPD": 64,
    "ACC": 0,
    "HP": 40,
    "Hp": 28,
    "EXP": 0,
    "NeedEXP": 40,
    "skills": [
        {
            "name": "水枪",
            "PP": 20,
            "Pp": 17
        }
    ],
    "learn_skills": [
        {
            "name": "水枪",
            "level": 1
        },
        {
            "name": "泡沫光线",
            "level": 5
        },
        {
            "name": "水炮",
            "level": 10
        }
    ],
    "Wild": {
        "name": "藤藤蛇",
        "attribute": "Grass",
        "attributes": [
            "Water",
            "Soil"
        ],
        "level": 2,
        "ATK": 53,
        "DEF": 59,
        "SPD": 65,
        "ACC": 0,
        "HP": 51,
        "Hp": 51,
        "EXP": 0,
        "NeedEXP": 40,
        "skills": [
            {
                "name": "撞击",
                "PP": 20,
                "Pp": 20
            }
        ],
        "learn_skills": [
            {
                "name": "撞击",
                "level": 1
            },
            {
                "name": "藤鞭",
                "level": 5
            },
            {
                "name": "种子炸弹",
                "level": 10
            }
        ]
    }
}