{
    "cark": {
        "slot1": {
            "name": "含羞苞",
            "attribute": "Grass",
            "attributes": [
                "Water",
                "Soil"
            ],
            "level": 5,
            "ATK": 55,
            "DEF": 55,
            "SPD": 63,
            "ACC": 0,
            "HP": 60,
            "Hp": 60,
            "EXP": 0,
            "NeedEXP": 120,
            "skills": [
                {
                    "name": "撞击",
                    "PP": 20,
                    "Pp": 20
                },
                {
                    "name": "藤鞭",
                    "PP": 20,
                    "Pp": 20
                }
            ],
            "learn_skills": [
                {
                    "name": "撞击",
                    "level": 1
                },
                {
                    "name": "藤鞭",
                    "level": 5
                },
                {
                    "name": "种子炸弹",
                    "level": 10
                }
            ]
        },
        "slot2": {},
        "slot3": {},
        "slot4": {},
        "slot5": {},
        "slot6": {}
    },
    "000": {
        "slot1": {},
        "slot2": {},
        "slot3": {},
        "slot4": {},
        "slot5": {},
        "slot6": {}
    },
    "0000000": {
        "slot1": {
            "name": "卡拉卡拉",
            "attribute": "Earth",
            "attributes": [
                "Fire",
                "Poison"
            ],
            "level": 5,
            "ATK": 65,
            "DEF": 110,
            "SPD": 45,
            "ACC": 0,
            "HP": 70,
            "Hp": 63,
            "EXP": 0,
            "NeedEXP": 145,
            "skills": [
                {
                    "name": "撞击",
                    "PP": 20,
                    "Pp": 20
                },
                {
                    "name": "重踏",
                    "PP": 20,
                    "Pp": 20
                }
            ],
            "learn_skills": [
                {
                    "name": "撞击",
                    "level": 1
                },
                {
                    "name": "重踏",
                    "level": 5
                },
                {
                    "name": "地震",
                    "level": 10
                }
            ]
        },
        "slot2": {
            "name": "巴大蝶",
            "attribute": "Insect",
            "attributes": [
                "Grass"
            ],
            "level": 2,
            "ATK": 51,
            "DEF": 58,
            "SPD": 72,
            "ACC": 0,
            "HP": 64,
            "Hp": 29,
            "EXP": 0,
            "NeedEXP": 40,
            "skills": [
                {
                    "name": "起风",
                    "PP": 20,
                    "Pp": 10
                }
            ],
            "learn_skills": [
                {
                    "name": "起风",
                    "level": 1
                },
                {
                    "name": "虫咬",
                    "level": 5
                },
                {
                    "name": "虫鸣",
                    "level": 10
                }
            ]
        },
        "slot3": {},
        "slot4": {},
        "slot5": {},
        "slot6": {}
    },
    "ACC": {
        "slot1": {
            "name": "新叶喵",
            "attribute": "Grass",
            "attributes": [
                "Water",
                "Soil"
            ],
            "level": 5,
            "ATK": 71,
            "DEF": 64,
            "SPD": 70,
            "ACC": 0,
            "HP": 55,
            "Hp": 55,
            "EXP": 0,
            "NeedEXP": 95,
            "skills": [
                {
                    "name": "抓",
                    "PP": 20,
                    "Pp": 20
                },
                {
                    "name": "种子炸弹",
                    "PP": 20,
                    "Pp": 13
                }
            ],
            "learn_skills": [
                {
                    "name": "抓",
                    "level": 1
                },
                {
                    "name": "种子炸弹",
                    "level": 5
                },
                {
                    "name": "木角",
                    "level": 10
                }
            ]
        },
        "slot2": {},
        "slot3": {},
        "slot4": {},
        "slot5": {},
        "slot6": {}
    },
    " ACC ": {
        "slot1": {
            "name": "新叶喵",
            "attribute": "Grass",
            "attributes": [
                "Water",
                "Soil"
            ],
            "level": 5,
            "ATK": 71,
            "DEF": 64,
            "SPD": 70,
            "ACC": 0,
            "HP": 55,
            "Hp": 55,
            "EXP": 0,
            "NeedEXP": 95,
            "skills": [
                {
                    "name": "抓",
                    "PP": 20,
                    "Pp": 20
                },
                {
                    "name": "种子炸弹",
                    "PP": 20,
                    "Pp": 20
                }
            ],
            "learn_skills": [
                {
                    "name": "抓",
                    "level": 1
                },
                {
                    "name": "种子炸弹",
                    "level": 5
                },
                {
                    "name": "木角",
                    "level": 10
                }
            ]
        },
        "slot2": {},
        "slot3": {},
        "slot4": {},
        "slot5": {},
        "slot6": {}
    },
    "ACCC": {
        "slot1": {
            "name": "杰尼龟",
            "attribute": "Water",
            "attributes": [
                "Fire",
                "Earth"
            ],
            "level": 2,
            "ATK": 56,
            "DEF": 69,
            "SPD": 47,
            "ACC": 0,
            "HP": 50,
            "Hp": 15,
            "EXP": 0,
            "NeedEXP": 40,
            "skills": [
                {
                    "name": "撞击",
                    "PP": 20,
                    "Pp": 13
                }
            ],
            "learn_skills": [
                {
                    "name": "撞击",
                    "level": 1
                },
                {
                    "name": "水枪",
                    "level": 5
                },
                {
                    "name": "水流尾",
                    "level": 10
                }
            ]
        },
        "slot2": {
            "name": "臭泥",
            "attribute": "Poison",
            "attributes": [
                "Grass"
            ],
            "level": 2,
            "ATK": 86,
            "DEF": 58,
            "SPD": 33,
            "ACC": 0,
            "HP": 84,
            "Hp": 84,
            "EXP": 0,
            "NeedEXP": 40,
            "skills": [
                {
                    "name": "拍击",
                    "PP": 20,
                    "Pp": 20
                }
            ],
            "learn_skills": [
                {
                    "name": "拍击",
                    "level": 1
                },
                {
                    "name": "污泥攻击",
                    "level": 5
                },
                {
                    "name": "污泥炸弹",
                    "level": 10
                }
            ]
        },
        "slot3": {
            "name": "杰尼龟",
            "attribute": "Water",
            "attributes": [
                "Fire",
                "Earth"
            ],
            "level": 5,
            "ATK": 68,
            "DEF": 75,
            "SPD": 53,
            "ACC": 0,
            "HP": 59,
            "Hp": 59,
            "EXP": 0,
            "NeedEXP": 145,
            "skills": [
                {
                    "name": "撞击",
                    "PP": 20,
                    "Pp": 20
                },
                {
                    "name": "水枪",
                    "PP": 20,
                    "Pp": 5
                }
            ],
            "learn_skills": [
                {
                    "name": "撞击",
                    "level": 1
                },
                {
                    "name": "水枪",
                    "level": 5
                },
                {
                    "name": "水流尾",
                    "level": 10
                }
            ]
        },
        "slot4": {},
        "slot5": {},
        "slot6": {}
    },
    "ACCCC": {
        "slot1": {},
        "slot2": {},
        "slot3": {},
        "slot4": {},
        "slot5": {},
        "slot6": {}
    }
}