{
    "Wild": {
        "name": "鬼斯",
        "attribute": "Poison",
        "attributes": [
            "Grass"
        ],
        "level": 2,
        "ATK": 45,
        "DEF": 38,
        "SPD": 84,
        "ACC": 0,
        "HP": 38,
        "Hp": 38,
        "EXP": 0,
        "NeedEXP": 40,
        "skills": [
            {
                "name": "拍击",
                "PP": 20,
                "Pp": 20
            }
        ],
        "learn_skills": [
            {
                "name": "拍击",
                "level": 1
            },
            {
                "name": "酸液炸弹",
                "level": 5
            },
            {
                "name": "毒液冲击",
                "level": 10
            }
        ]
    }
}