{
    "cark": {
        "slot1": {
            "name": "小火龙",
            "attribute": "Fire",
            "attributes": [
                "Grass",
                "Insects"
            ],
            "level": 5,
            "ATK": 57,
            "DEF": 53,
            "SPD": 70,
            "ACC": 0,
            "HP": 54,
            "Hp": 0,
            "EXP": 0,
            "NeedEXP": 145,
            "skills": [
                {
                    "name": "抓",
                    "PP": 20,
                    "Pp": 8
                },
                {
                    "name": "火花",
                    "PP": 20,
                    "Pp": 0
                }
            ],
            "learn_skills": [
                {
                    "name": "抓",
                    "level": 1
                },
                {
                    "name": "火花",
                    "level": 5
                },
                {
                    "name": "火焰牙",
                    "level": 10
                }
            ]
        },
        "slot2": {},
        "slot3": {},
        "slot4": {},
        "slot5": {},
        "slot6": {}
    },
    "ccc": {
        "slot1": {
            "name": "独角犀牛",
            "attribute": "Earth",
            "attributes": [
                "Fire",
                "Poison"
            ],
            "level": 5,
            "ATK": 95,
            "DEF": 105,
            "SPD": 45,
            "ACC": 0,
            "HP": 90,
            "Hp": 90,
            "EXP": 0,
            "NeedEXP": 145,
            "skills": [
                {
                    "name": "撞击",
                    "PP": 20,
                    "Pp": 20
                },
                {
                    "name": "重踏",
                    "PP": 20,
                    "Pp": 20
                }
            ],
            "learn_skills": [
                {
                    "name": "撞击",
                    "level": 1
                },
                {
                    "name": "重踏",
                    "level": 5
                },
                {
                    "name": "尖石攻击",
                    "level": 10
                }
            ]
        },
        "slot2": {},
        "slot3": {},
        "slot4": {},
        "slot5": {},
        "slot6": {}
    },
    "name": {
        "slot1": {
            "name": "杰尼龟",
            "attribute": "Water",
            "attributes": [
                "Fire",
                "Earth"
            ],
            "level": 5,
            "ATK": 68,
            "DEF": 75,
            "SPD": 53,
            "ACC": 0,
            "HP": 59,
            "Hp": 59,
            "EXP": 0,
            "NeedEXP": 145,
            "skills": [
                "撞击",
                "水枪"
            ],
            "learn_skills": [
                {
                    "name": "撞击",
                    "level": 1
                },
                {
                    "name": "水枪",
                    "level": 5
                },
                {
                    "name": "水流尾",
                    "level": 10
                }
            ]
        },
        "slot2": {},
        "slot3": {},
        "slot4": {},
        "slot5": {},
        "slot6": {}
    },
    "nmma": {
        "slot1": {},
        "slot2": {},
        "slot3": {},
        "slot4": {},
        "slot5": {},
        "slot6": {}
    },
    "nn": {
        "slot1": {
            "name": "小火马",
            "attribute": "Fire",
            "attributes": [
                "Grass",
                "Insects"
            ],
            "level": 5,
            "ATK": 90,
            "DEF": 80,
            "SPD": 95,
            "ACC": 0,
            "HP": 70,
            "Hp": 70,
            "EXP": 0,
            "NeedEXP": 145,
            "skills": [
                "撞击",
                "火焰轮"
            ],
            "learn_skills": [
                {
                    "name": "撞击",
                    "level": 1
                },
                {
                    "name": "火焰轮",
                    "level": 5
                },
                {
                    "name": "火焰旋涡",
                    "level": 10
                }
            ]
        },
        "slot2": {},
        "slot3": {},
        "slot4": {},
        "slot5": {},
        "slot6": {}
    },
    "ccaca": {
        "slot1": {
            "name": "独角犀牛",
            "attribute": "Earth",
            "attributes": [
                "Fire",
                "Poison"
            ],
            "level": 5,
            "ATK": 95,
            "DEF": 105,
            "SPD": 45,
            "ACC": 0,
            "HP": 90,
            "Hp": 63,
            "EXP": 10,
            "NeedEXP": 145,
            "skills": [
                {
                    "name": "撞击",
                    "PP": 20,
                    "Pp": 15
                },
                {
                    "name": "重踏",
                    "PP": 20,
                    "Pp": 16
                }
            ],
            "learn_skills": [
                {
                    "name": "撞击",
                    "level": 1
                },
                {
                    "name": "重踏",
                    "level": 5
                },
                {
                    "name": "尖石攻击",
                    "level": 10
                }
            ]
        },
        "slot2": {},
        "slot3": {},
        "slot4": {},
        "slot5": {},
        "slot6": {}
    },
    "ABC": {
        "slot1": {
            "name": "飞天螳螂",
            "attribute": "Insect",
            "attributes": [
                "Grass"
            ],
            "level": 5,
            "ATK": 115,
            "DEF": 85,
            "SPD": 110,
            "ACC": 0,
            "HP": 90,
            "Hp": 74,
            "EXP": 10,
            "NeedEXP": 145,
            "skills": [
                {
                    "name": "瞪眼",
                    "PP": 20,
                    "Pp": 20
                },
                {
                    "name": "劈开",
                    "PP": 20,
                    "Pp": 14
                }
            ],
            "learn_skills": [
                {
                    "name": "瞪眼",
                    "level": 1
                },
                {
                    "name": "劈开",
                    "level": 5
                },
                {
                    "name": "十字剪",
                    "level": 10
                }
            ]
        },
        "slot2": {},
        "slot3": {},
        "slot4": {},
        "slot5": {},
        "slot6": {}
    },
    "nana": {
        "slot1": {
            "name": "火球鼠",
            "attribute": "Fire",
            "attributes": [
                "Grass",
                "Insects"
            ],
            "level": 5,
            "ATK": 62,
            "DEF": 53,
            "SPD": 70,
            "ACC": 0,
            "HP": 54,
            "Hp": 6,
            "EXP": 20,
            "NeedEXP": 145,
            "skills": [
                {
                    "name": "抓",
                    "PP": 20,
                    "Pp": 20
                },
                {
                    "name": "火焰牙",
                    "PP": 20,
                    "Pp": 8
                }
            ],
            "learn_skills": [
                {
                    "name": "抓",
                    "level": 1
                },
                {
                    "name": "火焰牙",
                    "level": 5
                },
                {
                    "name": "喷射火焰",
                    "level": 10
                }
            ]
        },
        "slot2": {},
        "slot3": {},
        "slot4": {},
        "slot5": {},
        "slot6": {}
    },
    "nann": {
        "slot1": {
            "name": "杰尼龟",
            "attribute": "Water",
            "attributes": [
                "Fire",
                "Earth"
            ],
            "level": 5,
            "ATK": 68,
            "DEF": 75,
            "SPD": 53,
            "ACC": 0,
            "HP": 59,
            "Hp": 0,
            "EXP": 10,
            "NeedEXP": 145,
            "skills": [
                {
                    "name": "撞击",
                    "PP": 20,
                    "Pp": 8
                },
                {
                    "name": "水枪",
                    "PP": 20,
                    "Pp": 20
                }
            ],
            "learn_skills": [
                {
                    "name": "撞击",
                    "level": 1
                },
                {
                    "name": "水枪",
                    "level": 5
                },
                {
                    "name": "水流尾",
                    "level": 10
                }
            ]
        },
        "slot2": {},
        "slot3": {},
        "slot4": {},
        "slot5": {},
        "slot6": {}
    },
    "nnanannn": {
        "slot1": {
            "name": "墨海马",
            "attribute": "Water",
            "attributes": [
                "Fire",
                "Earth"
            ],
            "level": 5,
            "ATK": 60,
            "DEF": 85,
            "SPD": 70,
            "ACC": 0,
            "HP": 55,
            "Hp": 19,
            "EXP": 10,
            "NeedEXP": 145,
            "skills": [
                {
                    "name": "水枪",
                    "PP": 20,
                    "Pp": 20
                },
                {
                    "name": "泡沫光线",
                    "PP": 20,
                    "Pp": 10
                }
            ],
            "learn_skills": [
                {
                    "name": "水枪",
                    "level": 1
                },
                {
                    "name": "泡沫光线",
                    "level": 5
                },
                {
                    "name": "水炮",
                    "level": 10
                }
            ]
        },
        "slot2": {},
        "slot3": {},
        "slot4": {},
        "slot5": {},
        "slot6": {}
    },
    "nnAAA": {
        "slot1": {
            "name": "小拳石",
            "attribute": "Earth",
            "attributes": [
                "Fire",
                "Poison"
            ],
            "level": 5,
            "ATK": 90,
            "DEF": 115,
            "SPD": 35,
            "ACC": 0,
            "HP": 60,
            "Hp": 21,
            "EXP": 10,
            "NeedEXP": 145,
            "skills": [
                {
                    "name": "撞击",
                    "PP": 20,
                    "Pp": 20
                },
                {
                    "name": "重踏",
                    "PP": 20,
                    "Pp": 6
                }
            ],
            "learn_skills": [
                {
                    "name": "撞击",
                    "level": 1
                },
                {
                    "name": "重踏",
                    "level": 5
                },
                {
                    "name": "地震",
                    "level": 10
                }
            ]
        },
        "slot2": {},
        "slot3": {},
        "slot4": {},
        "slot5": {},
        "slot6": {}
    },
    "caccc": {
        "slot1": {
            "name": "独角犀牛",
            "attribute": "Earth",
            "attributes": [
                "Fire",
                "Poison"
            ],
            "level": 5,
            "ATK": 95,
            "DEF": 105,
            "SPD": 45,
            "ACC": 0,
            "HP": 90,
            "Hp": 51,
            "EXP": 20,
            "NeedEXP": 145,
            "skills": [
                {
                    "name": "撞击",
                    "PP": 20,
                    "Pp": 19
                },
                {
                    "name": "重踏",
                    "PP": 20,
                    "Pp": 7
                }
            ],
            "learn_skills": [
                {
                    "name": "撞击",
                    "level": 1
                },
                {
                    "name": "重踏",
                    "level": 5
                },
                {
                    "name": "尖石攻击",
                    "level": 10
                }
            ]
        },
        "slot2": {},
        "slot3": {},
        "slot4": {},
        "slot5": {},
        "slot6": {}
    },
    "cba": {
        "slot1": {
            "name": "鬼斯",
            "attribute": "Poison",
            "attributes": [
                "Grass"
            ],
            "level": 5,
            "ATK": 60,
            "DEF": 50,
            "SPD": 90,
            "ACC": 0,
            "HP": 50,
            "Hp": 14,
            "EXP": 10,
            "NeedEXP": 145,
            "skills": [
                {
                    "name": "催眠术",
                    "PP": 20,
                    "Pp": 20
                },
                {
                    "name": "酸液炸弹",
                    "PP": 20,
                    "Pp": 10
                }
            ],
            "learn_skills": [
                {
                    "name": "催眠术",
                    "level": 1
                },
                {
                    "name": "酸液炸弹",
                    "level": 5
                },
                {
                    "name": "毒液冲击",
                    "level": 10
                }
            ]
        },
        "slot2": {},
        "slot3": {},
        "slot4": {},
        "slot5": {},
        "slot6": {}
    },
    "caca": {
        "slot1": {
            "name": "墨海马",
            "attribute": "Water",
            "attributes": [
                "Fire",
                "Earth"
            ],
            "level": 5,
            "ATK": 60,
            "DEF": 85,
            "SPD": 70,
            "ACC": 0,
            "HP": 55,
            "Hp": 28,
            "EXP": 10,
            "NeedEXP": 145,
            "skills": [
                {
                    "name": "水枪",
                    "PP": 20,
                    "Pp": 20
                },
                {
                    "name": "泡沫光线",
                    "PP": 20,
                    "Pp": 14
                }
            ],
            "learn_skills": [
                {
                    "name": "水枪",
                    "level": 1
                },
                {
                    "name": "泡沫光线",
                    "level": 5
                },
                {
                    "name": "水炮",
                    "level": 10
                }
            ]
        },
        "slot2": {},
        "slot3": {},
        "slot4": {},
        "slot5": {},
        "slot6": {}
    },
    "cacc": {
        "slot1": {
            "name": "六尾",
            "attribute": "Fire",
            "attributes": [
                "Grass",
                "Insects"
            ],
            "level": 5,
            "ATK": 61,
            "DEF": 55,
            "SPD": 70,
            "ACC": 0,
            "HP": 53,
            "Hp": 53,
            "EXP": 10,
            "NeedEXP": 145,
            "skills": [
                {
                    "name": "火花",
                    "PP": 20,
                    "Pp": 19
                },
                {
                    "name": "烧净",
                    "PP": 20,
                    "Pp": 8
                }
            ],
            "learn_skills": [
                {
                    "name": "火花",
                    "level": 1
                },
                {
                    "name": "烧净",
                    "level": 5
                },
                {
                    "name": "喷射火焰",
                    "level": 10
                }
            ]
        },
        "slot2": {
            "name": "阿柏蛇",
            "attribute": "Poison",
            "attributes": [
                "Grass"
            ],
            "level": 2,
            "ATK": 66,
            "DEF": 52,
            "SPD": 59,
            "HP": 45,
            "Hp": 24,
            "EXP": 0,
            "NeedEXP": 40,
            "skills": [
                {
                    "name": "瞪眼",
                    "PP": 20,
                    "Pp": 17
                }
            ],
            "learn_skills": [
                {
                    "name": "瞪眼",
                    "level": 1
                },
                {
                    "name": "毒针",
                    "level": 5
                },
                {
                    "name": "酸液炸弹",
                    "level": 10
                }
            ],
            "ACC": 0
        },
        "slot3": {},
        "slot4": {},
        "slot5": {},
        "slot6": {}
    },
    "caaaa": {
        "slot1": {
            "name": "派拉斯",
            "attribute": "Insect",
            "attributes": [
                "Grass"
            ],
            "level": 5,
            "ATK": 80,
            "DEF": 65,
            "SPD": 50,
            "ACC": 0,
            "HP": 55,
            "Hp": 49,
            "EXP": 10,
            "NeedEXP": 145,
            "skills": [
                {
                    "name": "抓",
                    "PP": 20,
                    "Pp": 20
                },
                {
                    "name": "虫咬",
                    "PP": 20,
                    "Pp": 17
                }
            ],
            "learn_skills": [
                {
                    "name": "抓",
                    "level": 1
                },
                {
                    "name": "虫咬",
                    "level": 5
                },
                {
                    "name": "十字剪",
                    "level": 10
                }
            ]
        },
        "slot2": {
            "name": "可达鸭",
            "attribute": "Water",
            "attributes": [
                "Fire",
                "Earth"
            ],
            "level": 2,
            "ATK": 58,
            "DEF": 52,
            "SPD": 59,
            "HP": 54,
            "Hp": 5,
            "EXP": 10,
            "NeedEXP": 40,
            "skills": [
                {
                    "name": "抓",
                    "PP": 20,
                    "Pp": 5
                }
            ],
            "learn_skills": [
                {
                    "name": "抓",
                    "level": 1
                },
                {
                    "name": "水枪",
                    "level": 5
                },
                {
                    "name": "水流尾",
                    "level": 10
                }
            ],
            "ACC": 0
        },
        "slot3": {},
        "slot4": {},
        "slot5": {},
        "slot6": {}
    },
    "caaaaa": {
        "slot1": {
            "name": "阿柏蛇",
            "attribute": "Poison",
            "attributes": [
                "Grass"
            ],
            "level": 5,
            "ATK": 75,
            "DEF": 64,
            "SPD": 65,
            "ACC": 0,
            "HP": 60,
            "Hp": 51,
            "EXP": 0,
            "NeedEXP": 145,
            "skills": [
                {
                    "name": "瞪眼",
                    "PP": 20,
                    "Pp": 20
                },
                {
                    "name": "毒针",
                    "PP": 20,
                    "Pp": 17
                }
            ],
            "learn_skills": [
                {
                    "name": "瞪眼",
                    "level": 1
                },
                {
                    "name": "毒针",
                    "level": 5
                },
                {
                    "name": "酸液炸弹",
                    "level": 10
                }
            ]
        },
        "slot2": {},
        "slot3": {},
        "slot4": {},
        "slot5": {},
        "slot6": {}
    },
    "caaca": {
        "slot1": {
            "name": "新叶喵",
            "attribute": "Grass",
            "attributes": [
                "Water",
                "Soil"
            ],
            "level": 5,
            "ATK": 71,
            "DEF": 64,
            "SPD": 70,
            "ACC": 0,
            "HP": 55,
            "Hp": 41,
            "EXP": 0,
            "NeedEXP": 95,
            "skills": [
                {
                    "name": "抓",
                    "PP": 20,
                    "Pp": 18
                },
                {
                    "name": "种子炸弹",
                    "PP": 20,
                    "Pp": 20
                }
            ],
            "learn_skills": [
                {
                    "name": "抓",
                    "level": 1
                },
                {
                    "name": "种子炸弹",
                    "level": 5
                },
                {
                    "name": "木角",
                    "level": 10
                }
            ]
        },
        "slot2": {},
        "slot3": {},
        "slot4": {},
        "slot5": {},
        "slot6": {}
    },
    "caacca": {
        "slot1": {
            "name": "可达鸭",
            "attribute": "Water",
            "attributes": [
                "Fire",
                "Earth"
            ],
            "level": 5,
            "ATK": 67,
            "DEF": 58,
            "SPD": 65,
            "ACC": 0,
            "HP": 60,
            "Hp": 60,
            "EXP": 0,
            "NeedEXP": 145,
            "skills": [
                {
                    "name": "抓",
                    "PP": 20,
                    "Pp": 20
                },
                {
                    "name": "水枪",
                    "PP": 20,
                    "Pp": 20
                }
            ],
            "learn_skills": [
                {
                    "name": "抓",
                    "level": 1
                },
                {
                    "name": "水枪",
                    "level": 5
                },
                {
                    "name": "水流尾",
                    "level": 10
                }
            ]
        },
        "slot2": {},
        "slot3": {},
        "slot4": {},
        "slot5": {},
        "slot6": {}
    },
    "cacaa": {
        "slot1": {
            "name": "巴大蝶",
            "attribute": "Insect",
            "attributes": [
                "Grass"
            ],
            "level": 5,
            "ATK": 60,
            "DEF": 70,
            "SPD": 75,
            "ACC": 0,
            "HP": 70,
            "Hp": 70,
            "EXP": 0,
            "NeedEXP": 145,
            "skills": [
                {
                    "name": "起风",
                    "PP": 20,
                    "Pp": 20
                },
                {
                    "name": "虫咬",
                    "PP": 20,
                    "Pp": 20
                }
            ],
            "learn_skills": [
                {
                    "name": "起风",
                    "level": 1
                },
                {
                    "name": "虫咬",
                    "level": 5
                },
                {
                    "name": "虫鸣",
                    "level": 10
                }
            ]
        },
        "slot2": {},
        "slot3": {},
        "slot4": {},
        "slot5": {},
        "slot6": {}
    },
    "cacaca": {
        "slot1": {
            "name": "小拳石",
            "attribute": "Earth",
            "attributes": [
                "Fire",
                "Poison"
            ],
            "level": 5,
            "ATK": 90,
            "DEF": 115,
            "SPD": 35,
            "HP": 60,
            "skills": [
                {
                    "name": "撞击",
                    "PP": 20,
                    "Pp": 20
                },
                {
                    "name": "重踏",
                    "PP": 20,
                    "Pp": 20
                }
            ],
            "learn_skills": [
                {
                    "name": "撞击",
                    "level": 1
                },
                {
                    "name": "重踏",
                    "level": 5
                },
                {
                    "name": "地震",
                    "level": 10
                }
            ],
            "Hp": 57
        },
        "slot2": {},
        "slot3": {},
        "slot4": {},
        "slot5": {},
        "slot6": {}
    },
    "cacac": {
        "slot1": {},
        "slot2": {},
        "slot3": {},
        "slot4": {},
        "slot5": {},
        "slot6": {}
    }
}