{
    "cark": {
        "slot1": {
            "name": "小火龙",
            "attribute": "Fire",
            "attributes": [
                "Grass",
                "Insects"
            ],
            "level": 5,
            "ATK": 57,
            "DEF": 53,
            "SPD": 70,
            "ACC": 0,
            "HP": 54,
            "Hp": 54,
            "EXP": 0,
            "NeedEXP": 145,
            "skills": [
                {
                    "name": "抓",
                    "PP": 20,
                    "Pp": 19
                },
                {
                    "name": "火花",
                    "PP": 20,
                    "Pp": 13
                }
            ],
            "learn_skills": [
                {
                    "name": "抓",
                    "level": 1
                },
                {
                    "name": "火花",
                    "level": 5
                },
                {
                    "name": "火焰牙",
                    "level": 10
                }
            ]
        },
        "slot2": {},
        "slot3": {},
        "slot4": {},
        "slot5": {},
        "slot6": {}
    },
    "ccc": {
        "slot1": {
            "name": "独角犀牛",
            "attribute": "Earth",
            "attributes": [
                "Fire",
                "Poison"
            ],
            "level": 5,
            "ATK": 95,
            "DEF": 105,
            "SPD": 45,
            "ACC": 0,
            "HP": 90,
            "Hp": 90,
            "EXP": 0,
            "NeedEXP": 145,
            "skills": [
                {
                    "name": "撞击",
                    "PP": 20,
                    "Pp": 20
                },
                {
                    "name": "重踏",
                    "PP": 20,
                    "Pp": 20
                }
            ],
            "learn_skills": [
                {
                    "name": "撞击",
                    "level": 1
                },
                {
                    "name": "重踏",
                    "level": 5
                },
                {
                    "name": "尖石攻击",
                    "level": 10
                }
            ]
        },
        "slot2": {},
        "slot3": {},
        "slot4": {},
        "slot5": {},
        "slot6": {}
    }
}