{
    "cark": {
        "伤药": {
            "name": "伤药",
            "num": 1,
            "ToolsType": 2,
            "GetType": 1,
            "BloodType": 1,
            "LifeType": null,
            "PpType": null
        },
        "活力碎片": {
            "name": "活力碎片",
            "num": 1,
            "ToolsType": 16,
            "GetType": null,
            "BloodType": null,
            "LifeType": 1,
            "PpType": null
        },
        "Pp小补剂": {
            "name": "Pp小补剂",
            "num": 0,
            "ToolsType": 32,
            "GetType": null,
            "BloodType": null,
            "LifeType": null,
            "PpType": null
        },
        "精灵球": {
            "name": "精灵球",
            "num": 5,
            "ToolsType": 1,
            "GetType": 1,
            "BloodType": null,
            "LifeType": null,
            "PpType": null
        }
    },
    "ccc": {
        "伤药": {
            "name": "伤药",
            "num": 3,
            "ToolsType": 2,
            "GetType": 1,
            "BloodType": 1,
            "LifeType": null,
            "PpType": null
        },
        "活力碎片": {
            "name": "活力碎片",
            "num": 1,
            "ToolsType": 16,
            "GetType": null,
            "BloodType": null,
            "LifeType": 1,
            "PpType": null
        },
        "Pp小补剂": {
            "name": "Pp小补剂",
            "num": 2,
            "ToolsType": 32,
            "GetType": null,
            "BloodType": null,
            "LifeType": null,
            "PpType": 1
        },
        "精灵球": {
            "name": "精灵球",
            "num": 5,
            "ToolsType": 1,
            "GetType": 1,
            "BloodType": null,
            "LifeType": null,
            "PpType": null
        }
    }
}