{
    "name": "藤藤蛇",
    "attribute": "Grass",
    "attributes": [
        "Water",
        "Soil"
    ],
    "level": 2,
    "ATK": 53,
    "DEF": 59,
    "SPD": 65,
    "ACC": 0,
    "HP": 51,
    "Hp": 36,
    "EXP": 0,
    "NeedEXP": 40,
    "skills": [
        {
            "name": "撞击",
            "PP": 20,
            "Pp": 19
        }
    ],
    "learn_skills": [
        {
            "name": "撞击",
            "level": 1
        },
        {
            "name": "藤鞭",
            "level": 5
        },
        {
            "name": "种子炸弹",
            "level": 10
        }
    ]
}